,input,revenue
0,budget,0.7052174371711296
4,Adventure,0.34390689568027194
2,runtime,0.23321825091472712
6,Fantasy,0.21611536611552637
5,Animation,0.21171139172493486
8,Family,0.20109394231221572
3,Action,0.1876180290243161
40,James Cameron,0.17998952015852113
