,input,vote
1,runtime,0.3867328435161422
3,vote_count,0.3807999764638166
7,Drama,0.30190642139342033
0,popularity,0.28809059177828666
66,month,0.13133593341962055
10,History,0.12294376390338717
9,War,0.109520235771492
17,Martin Scorsese,0.08769381038116014
38,Christopher Nolan,0.08622126260971325
